"Index","SKY.Open","SKY.High","SKY.Low","SKY.Close","SKY.Volume","SKY.Adjusted"
"2020-01-02",31.870001,32.119999,31.43,32.110001,452300,32.110001
"2020-01-03",31.639999,32.110001,30.85,32.060001,440100,32.060001
"2020-01-06",31.67,32.209999,31.32,32.049999,270600,32.049999
"2020-01-07",32.18,32.23,31.42,31.719999,285100,31.719999
"2020-01-08",32.07,33.049999,31.799999,32.049999,335200,32.049999
"2020-01-09",32.23,33.029999,32.23,32.84,368200,32.84
"2020-01-10",32.700001,33.66,32.389999,33.490002,429600,33.490002
"2020-01-13",33.27,34.790001,33.27,34.77,535600,34.77
"2020-01-14",34.889999,36.419998,34.720001,36.16,501300,36.16
"2020-01-15",36,36.919998,35.59,35.849998,812400,35.849998
"2020-01-16",36.299999,36.52,35.130001,35.470001,460100,35.470001
"2020-01-17",35.580002,35.799999,34.599998,34.889999,365900,34.889999
"2020-01-21",34.77,35.040001,34.130001,34.700001,538000,34.700001
"2020-01-22",34.970001,35.349998,34,34.02,498200,34.02
"2020-01-23",34.080002,36.240002,34.02,36.049999,613700,36.049999
"2020-01-24",36.279999,36.57,35.099998,35.970001,546900,35.970001
"2020-01-27",35.450001,36.700001,35.369999,35.919998,631800,35.919998
"2020-01-28",36.360001,37.029999,35.849998,36.189999,646300,36.189999
"2020-01-29",34,34,30.76,30.84,1804700,30.84
"2020-01-30",30.030001,30.82,29.459999,29.51,1079700,29.51
"2020-01-31",29.34,29.700001,28.34,28.75,831400,28.75
"2020-02-03",28.799999,29.51,28.389999,28.9,390500,28.9
"2020-02-04",29.41,29.440001,28.040001,28.32,655000,28.32
"2020-02-05",28.58,29.190001,28.049999,29.09,422000,29.09
"2020-02-06",29.33,29.370001,28.75,29.059999,343100,29.059999
"2020-02-07",28.879999,29.57,28.85,29.5,380700,29.5
"2020-02-10",29.379999,29.549999,28.940001,28.99,479500,28.99
"2020-02-11",29.18,29.27,28.530001,28.620001,716400,28.620001
"2020-02-12",28.700001,28.91,28,28.200001,725600,28.200001
"2020-02-13",28.25,29.219999,28.139999,28.440001,333200,28.440001
"2020-02-14",28.48,28.57,27.43,28.09,432200,28.09
"2020-02-18",28.129999,29.16,28.01,28.99,549400,28.99
"2020-02-19",29.18,29.459999,28.389999,28.440001,403600,28.440001
"2020-02-20",28.450001,29.139999,28.120001,29.049999,379300,29.049999
"2020-02-21",28.879999,29.309999,28.620001,29.040001,244300,29.040001
"2020-02-24",28.24,28.84,27.75,28.09,376200,28.09
"2020-02-25",28.139999,28.27,25.93,26.139999,712100,26.139999
"2020-02-26",26.24,27.450001,26.08,26.620001,782000,26.620001
"2020-02-27",26.040001,26.620001,25.200001,25.440001,394200,25.440001
"2020-02-28",24.440001,26.01,24.18,25.48,697300,25.48
"2020-03-02",25.77,25.940001,24.639999,25.51,512200,25.51
"2020-03-03",25.65,26.25,25,25.530001,650700,25.530001
"2020-03-04",26.059999,27.25,25.9,27.219999,668200,27.219999
"2020-03-05",26.68,26.790001,25.65,26.18,444900,26.18
"2020-03-06",25.309999,26.780001,24.950001,26.66,656400,26.66
"2020-03-09",24.98,25,21.120001,21.549999,834800,21.549999
"2020-03-10",22.01,22.530001,20.889999,22.049999,522600,22.049999
"2020-03-11",21.360001,22.01,20.02,20.58,609700,20.58
"2020-03-12",19.01,19.77,18.08,18.299999,548200,18.299999
"2020-03-13",19.440001,19.440001,17.200001,18.67,731800,18.67
"2020-03-16",18.17,18.17,15.7,16.120001,698800,16.120001
"2020-03-17",16.35,17.5,15.02,15.48,935500,15.48
"2020-03-18",14.87,14.87,10.82,13.63,1809300,13.63
"2020-03-19",13.57,15.77,13.03,15.22,997600,15.22
"2020-03-20",15.52,15.71,13.34,14.36,1010500,14.36
"2020-03-23",14.3,14.3,13.3,13.87,782300,13.87
"2020-03-24",14.37,15.58,14.28,14.75,778200,14.75
"2020-03-25",15,16.610001,15,15.84,818800,15.84
"2020-03-26",15.96,17.18,15.87,16.74,1022100,16.74
"2020-03-27",16.17,16.57,15.31,15.42,640200,15.42
"2020-03-30",15.51,16.4,14.94,16.18,542600,16.18
"2020-03-31",16.02,16.780001,15.59,15.68,539400,15.68
"2020-04-01",14.86,15.18,12.97,12.99,908200,12.99
"2020-04-02",13.05,14.22,12.1,12.54,1473300,12.54
"2020-04-03",12.3,12.69,11.74,12.21,657600,12.21
"2020-04-06",12.83,14.98,12.83,14.39,625200,14.39
"2020-04-07",14.43,15.6,14.04,14.49,943900,14.49
"2020-04-08",14.74,16.610001,14.49,16.209999,709800,16.209999
"2020-04-09",17.1,18.110001,16.4,16.950001,575500,16.950001
"2020-04-13",16.74,17.110001,15.7,16.48,711100,16.48
"2020-04-14",16.77,17.15,16.469999,17,598900,17
"2020-04-15",16.23,16.23,15.3,15.57,432800,15.57
"2020-04-16",15.58,16.040001,14.97,15.85,775700,15.85
"2020-04-17",16.74,17.15,16.299999,16.83,424000,16.83
"2020-04-20",16.32,16.48,15.57,15.74,314700,15.74
"2020-04-21",15.22,15.7,15.02,15.52,304800,15.52
"2020-04-22",16.02,16.18,15.5,15.66,337500,15.66
"2020-04-23",15.74,16.6,15.72,16.049999,694300,16.049999
"2020-04-24",16.24,16.76,16.07,16.66,355700,16.66
"2020-04-27",16.85,18.049999,16.709999,18.01,512200,18.01
"2020-04-28",18.66,20.73,18.66,20.59,1058900,20.59
"2020-04-29",21.49,21.83,20.450001,20.84,804100,20.84
"2020-04-30",20.469999,20.709999,19.49,19.709999,537500,19.709999
"2020-05-01",18.950001,19.6,18.559999,19.469999,668100,19.469999
"2020-05-04",18.799999,19.549999,18.540001,19.389999,333300,19.389999
"2020-05-05",19.870001,20.969999,19.700001,19.9,380900,19.9
"2020-05-06",19.84,20.450001,19.799999,20.07,319900,20.07
"2020-05-07",20.389999,20.83,20.200001,20.559999,391100,20.559999
"2020-05-08",21.25,21.870001,20.889999,21.82,555100,21.82
"2020-05-11",21.469999,21.91,20.66,21.379999,579600,21.379999
"2020-05-12",21.41,21.530001,19.950001,19.98,823900,19.98
"2020-05-13",19.74,20.030001,18.809999,19.059999,394200,19.059999
"2020-05-14",18.43,19.41,17.58,19.389999,683400,19.389999
"2020-05-15",19.34,20.49,19.209999,20.379999,565400,20.379999
"2020-05-18",22.01,22.98,21.9,22.809999,740900,22.809999
"2020-05-19",22.41,23.459999,22.08,22.33,600800,22.33
"2020-05-20",23.309999,25.02,22.91,24,936500,24
"2020-05-21",24,25,21.370001,24.35,1268900,24.35
"2020-05-22",24.799999,25.42,23.969999,24.469999,560300,24.469999
"2020-05-26",25.91,26.690001,25.299999,25.35,808100,25.35
"2020-05-27",26.01,27.200001,25.209999,27,751500,27
"2020-05-28",27.41,27.559999,24.02,24.360001,693600,24.360001
"2020-05-29",23.98,25.68,23.92,24.84,511700,24.84
"2020-06-01",24.809999,25.68,24.299999,24.9,523700,24.9
"2020-06-02",25.049999,25.43,24.43,24.610001,436900,24.610001
"2020-06-03",25.190001,26.41,25.07,26.049999,674900,26.049999
"2020-06-04",25.77,26.200001,24.18,24.299999,694200,24.299999
"2020-06-05",25.719999,26.82,25.01,26.59,844300,26.59
"2020-06-08",27.059999,27.370001,25.299999,25.67,947700,25.67
"2020-06-09",25.6,25.76,24.950001,25.32,631300,25.32
"2020-06-10",25.25,25.440001,24.299999,24.709999,852500,24.709999
"2020-06-11",23.1,24,21.700001,21.709999,932300,21.709999
"2020-06-12",22.799999,23.34,21.700001,22.4,672700,22.4
"2020-06-15",21.309999,24.290001,21.309999,24.280001,542800,24.280001
"2020-06-16",25.34,25.5,24.129999,25.02,426600,25.02
"2020-06-17",25,25.59,24.32,24.440001,319200,24.440001
"2020-06-18",23.99,24.68,23.51,23.68,281300,23.68
"2020-06-19",24.01,24.15,22.82,23.09,830400,23.09
"2020-06-22",22.84,23.75,22.58,23.620001,396800,23.620001
"2020-06-23",23.9,24.02,23.129999,23.74,335900,23.74
"2020-06-24",23.25,23.35,22.1,22.9,560600,22.9
"2020-06-25",22.559999,23.549999,22.309999,23.43,486300,23.43
"2020-06-26",23.18,23.18,22.459999,22.690001,1668000,22.690001
"2020-06-29",22.959999,24.360001,22.59,24.219999,422700,24.219999
"2020-06-30",24.16,24.42,23.629999,24.34,480700,24.34
"2020-07-01",24.32,24.719999,23.610001,23.950001,508600,23.950001
"2020-07-02",24.530001,24.9,23.91,24.1,623000,24.1
"2020-07-06",24.68,25.09,24.15,24.52,303400,24.52
"2020-07-07",24.23,24.66,23.48,23.57,448500,23.57
"2020-07-08",23.549999,24.52,23.549999,24.23,352200,24.23
"2020-07-09",24.27,24.27,23.07,23.43,474800,23.43
"2020-07-10",23.610001,24.52,23.51,24.379999,301300,24.379999
"2020-07-13",24.620001,24.870001,23.5,23.549999,516000,23.549999
"2020-07-14",23.469999,24.540001,23.469999,24.530001,481800,24.530001
"2020-07-15",25.280001,26.209999,25.15,26,569600,26
"2020-07-16",26.190001,26.540001,25.76,26.440001,310700,26.440001
"2020-07-17",26.57,26.91,26.139999,26.459999,380200,26.459999
"2020-07-20",26.219999,26.74,25.9,26.690001,278700,26.690001
"2020-07-21",26.870001,26.99,26.42,26.58,599300,26.58
"2020-07-22",26.5,27.98,26.5,27.24,495800,27.24
"2020-07-23",27.41,27.84,25.879999,26.35,525500,26.35
"2020-07-24",26.24,26.5,25.74,26.17,334100,26.17
"2020-07-27",26.15,27.120001,26.01,27.040001,405100,27.040001
"2020-07-28",27.08,27.5,25.51,25.620001,444900,25.620001
"2020-07-29",25.940001,26.48,25.93,26.41,496500,26.41
"2020-07-30",29.030001,30.780001,27.77,28.370001,936000,28.370001
"2020-07-31",28.190001,28.52,26.950001,28.23,585000,28.23
"2020-08-03",28.4,29.139999,28.219999,28.75,451400,28.75
"2020-08-04",28.52,28.75,27.75,27.940001,430400,27.940001
"2020-08-05",28.25,28.940001,28.059999,28.77,234300,28.77
"2020-08-06",28.65,28.84,28.18,28.290001,175200,28.290001
"2020-08-07",28.040001,28.91,27.799999,28.76,253500,28.76
"2020-08-10",28.780001,30.280001,28.75,29.719999,458900,29.719999
"2020-08-11",30.24,31.209999,29.799999,30.49,791700,30.49
"2020-08-12",30.959999,31.139999,30.43,31.129999,656900,31.129999
"2020-08-13",30.889999,31.42,30.610001,31.09,347300,31.09
"2020-08-14",30.690001,31.26,30.280001,30.860001,254800,30.860001
"2020-08-17",30.98,31.85,30.93,31.5,289800,31.5
"2020-08-18",31.719999,32.009998,30.040001,30.139999,428500,30.139999
"2020-08-19",30.23,30.6,29.85,30.49,290900,30.49
"2020-08-20",30.040001,30.780001,30.040001,30.34,255200,30.34
"2020-08-21",29.940001,30.67,29.879999,30.58,278900,30.58
"2020-08-24",30.98,31,30.01,30.450001,226400,30.450001
"2020-08-25",30.629999,30.629999,29.74,30.24,220200,30.24
"2020-08-26",30.18,30.33,28.91,28.959999,439100,28.959999
"2020-08-27",29.32,29.41,28.51,28.690001,274300,28.690001
"2020-08-28",29,29.299999,28.809999,29.26,401700,29.26
"2020-08-31",29.120001,29.41,28.379999,28.540001,364200,28.540001
"2020-09-01",28.49,29.73,28.16,29.719999,326800,29.719999
"2020-09-02",29.74,29.969999,28.51,28.99,339700,28.99
"2020-09-03",29.08,29.08,27.129999,27.459999,411400,27.459999
"2020-09-04",28,28,26.139999,26.34,408100,26.34
"2020-09-08",26,26.92,25.68,26.370001,400200,26.370001
"2020-09-09",26.66,26.889999,25.99,26.24,323300,26.24
"2020-09-10",26.32,26.870001,26.290001,26.5,314400,26.5
"2020-09-11",26.82,27.139999,24.950001,24.969999,572900,24.969999
"2020-09-14",25.33,25.799999,24.969999,25.799999,390100,25.799999
"2020-09-15",26.02,26.16,25.01,25.1,391200,25.1
"2020-09-16",25.370001,26.43,25.120001,25.76,506700,25.76
"2020-09-17",25.25,25.360001,24.450001,24.68,259100,24.68
"2020-09-18",24.9,25.049999,24.23,24.889999,909300,24.889999
"2020-09-21",24.23,24.6,23.690001,24.57,514700,24.57
"2020-09-22",24.639999,26.040001,24.49,26.030001,434700,26.030001
"2020-09-23",26.01,26.719999,25.92,26.559999,1052500,26.559999
"2020-09-24",26.530001,27.48,25.860001,27,757100,27
"2020-09-25",26.74,27,26.129999,26.620001,657300,26.620001
"2020-09-28",27.030001,27.91,26.959999,27.799999,680200,27.799999
"2020-09-29",27.889999,28.049999,26.559999,26.59,335100,26.59
"2020-09-30",26.68,27.34,26.35,26.77,299700,26.77
"2020-10-01",26.99,27.73,26.610001,27.700001,723300,27.700001
"2020-10-02",26.959999,27.98,26.780001,27.76,243700,27.76
"2020-10-05",27.950001,28.709999,27.450001,28.639999,332800,28.639999
"2020-10-06",28.91,29.280001,28.200001,28.42,427000,28.42
"2020-10-07",28.93,29.059999,27.709999,28.68,319300,28.68
"2020-10-08",29.190001,30.02,29.1,29.49,302500,29.49
"2020-10-09",29.75,29.870001,28.870001,29.540001,221300,29.540001
"2020-10-12",29.629999,29.809999,29.219999,29.65,186400,29.65
"2020-10-13",29.309999,29.309999,28.33,28.370001,264400,28.370001
"2020-10-14",28.51,28.57,27.42,27.49,222100,27.49
"2020-10-15",26.969999,28.4,26.9,28.219999,290200,28.219999
"2020-10-16",28.15,28.440001,27.1,27.139999,225200,27.139999
"2020-10-19",27.18,27.73,26.6,26.68,188300,26.68
"2020-10-20",27.1,27.790001,26.77,27.219999,364300,27.219999
"2020-10-21",27.309999,27.42,26.08,26.24,305600,26.24
"2020-10-22",26.530001,26.530001,25.370001,25.9,491700,25.9
"2020-10-23",26.139999,27.26,26,27.09,275400,27.09
"2020-10-26",26.67,26.83,24.9,25.01,404100,25.01
"2020-10-27",25.030001,25.34,24.549999,24.76,399600,24.76
"2020-10-28",25.01,27.860001,23.74,26.780001,835100,26.780001
"2020-10-29",26.84,27.219999,26.16,26.950001,611200,26.950001
"2020-10-30",26.76,26.799999,25.299999,25.65,508500,25.65
"2020-11-02",25.940001,27.67,25.940001,27.629999,485400,27.629999
"2020-11-03",28.35,29.290001,28,29.07,473700,29.07
"2020-11-04",28.34,30.42,28.08,29.92,357400,29.92
"2020-11-05",30.09,30.93,29.9,30.59,306500,30.59
"2020-11-06",30.540001,30.559999,28.370001,28.469999,330400,28.469999
"2020-11-09",31,31,26.280001,26.34,665000,26.34
"2020-11-10",26.860001,27.940001,26.5,27.469999,721800,27.469999
"2020-11-11",27.799999,28.870001,27.469999,28.860001,549300,28.860001
"2020-11-12",28.52,29.07,27.610001,28.040001,486600,28.040001
"2020-11-13",28.360001,29,28.02,28.950001,227500,28.950001
"2020-11-16",29.379999,29.76,28.73,29.73,335300,29.73
"2020-11-17",29.41,31.77,29.15,31.51,549000,31.51
"2020-11-18",31.5,32.060001,31.24,31.440001,705900,31.440001
"2020-11-19",31.65,32.57,31.190001,31.91,449500,31.91
"2020-11-20",31.77,32.34,31.6,32.25,400600,32.25
"2020-11-23",32.580002,33.25,31.889999,32.919998,296700,32.919998
"2020-11-24",33.419998,33.439999,31.9,32.240002,371100,32.240002
"2020-11-25",32.080002,32.34,31.68,31.74,294000,31.74
"2020-11-27",31.98,32.720001,31.76,32.59,137900,32.59
"2020-11-30",32.279999,32.580002,30.67,30.73,495600,30.73
"2020-12-01",31.200001,31.889999,30.889999,31.200001,492700,31.200001
"2020-12-02",31.01,31.85,30.43,30.51,540700,30.51
"2020-12-03",30.620001,31.85,30.59,31.639999,357800,31.639999
"2020-12-04",31.77,31.83,31.17,31.73,343700,31.73
"2020-12-07",31.75,31.98,30.83,31.82,404900,31.82
"2020-12-08",31.33,31.379999,30.440001,30.91,326000,30.91
"2020-12-09",30.58,31.51,29.65,30.059999,501700,30.059999
"2020-12-10",29.700001,30.549999,29.57,30.33,423000,30.33
"2020-12-11",30.110001,30.790001,29.629999,29.65,336400,29.65
"2020-12-14",30.09,30.530001,29.559999,29.59,334400,29.59
"2020-12-15",29.940001,30.389999,29.24,30.09,431500,30.09
"2020-12-16",30.370001,30.780001,29.75,30.049999,427200,30.049999
"2020-12-17",30.299999,31.280001,29.76,31.280001,918100,31.280001
"2020-12-18",31.780001,33.139999,31.129999,31.540001,736200,31.540001
"2020-12-21",30.610001,31.219999,29.83,31.15,355800,31.15
"2020-12-22",31.219999,32.400002,31.15,31.559999,262100,31.559999
"2020-12-23",31.860001,31.950001,31.190001,31.48,293200,31.48
"2020-12-24",31.48,32.080002,31.09,31.65,83900,31.65
"2020-12-28",32.119999,32.119999,31.18,31.42,364700,31.42
"2020-12-29",31.65,31.65,30.34,30.75,318700,30.75
"2020-12-30",30.91,31.719999,30.809999,31.299999,225400,31.299999
"2020-12-31",31.17,31.639999,30.870001,30.940001,209500,30.940001
"2021-01-04",31.139999,31.139999,29.4,30.01,319200,30.01
"2021-01-05",29.940001,31.280001,29.879999,30.9,372500,30.9
"2021-01-06",30.91,32.459999,30.309999,32.07,448100,32.07
"2021-01-07",32.349998,33.380001,32.220001,32.82,349700,32.82
"2021-01-08",32.810001,33.279999,31.24,31.43,437900,31.43
"2021-01-11",30.790001,32.220001,30.790001,31.389999,380900,31.389999
"2021-01-12",31.629999,32.02,30.860001,31.9,329900,31.9
"2021-01-13",32.060001,33.16,31.35,31.4,199900,31.4
"2021-01-14",31.629999,32.5,31.51,32.360001,319900,32.360001
"2021-01-15",31.889999,33.139999,31.73,32.540001,334700,32.540001
"2021-01-19",32.990002,33.110001,32.419998,32.48,412700,32.48
"2021-01-20",32.639999,35.16,32.639999,34.900002,573300,34.900002
"2021-01-21",35.32,36.66,34.939999,35.82,586900,35.82
"2021-01-22",35.240002,35.650002,34.599998,35.07,394900,35.07
"2021-01-25",35.02,35.639999,33.959999,34.290001,243100,34.290001
"2021-01-26",34.709999,34.91,33.18,33.389999,220200,33.389999
"2021-01-27",32.549999,32.98,31.719999,32.110001,389100,32.110001
"2021-01-28",32.279999,33.209999,31.870001,32.77,334800,32.77
"2021-01-29",32.669998,34.189999,31.809999,33.630001,545500,33.630001
"2021-02-01",34.549999,36.240002,34.330002,35.060001,641300,35.060001
"2021-02-02",38.400002,40,37.439999,39.549999,1111300,39.549999
"2021-02-03",39.740002,41.43,37.5,39.34,669900,39.34
"2021-02-04",39.849998,39.939999,38.900002,39.450001,428900,39.450001
"2021-02-05",40,40.939999,39.16,40.93,339100,40.93
"2021-02-08",40.950001,42.580002,40.720001,42.52,433300,42.52
"2021-02-09",42.639999,42.639999,41.27,41.990002,312600,41.990002
"2021-02-10",42.139999,43.25,41.200001,42.790001,335600,42.790001
"2021-02-11",43.25,44.990002,42.720001,44.709999,1288800,44.709999
"2021-02-12",44.450001,44.450001,43.32,43.779999,304000,43.779999
"2021-02-16",44.330002,44.330002,42.529999,42.799999,359300,42.799999
"2021-02-17",42.150002,43.810001,41.790001,43.790001,750200,43.790001
"2021-02-18",43.650002,43.91,43.150002,43.34,328000,43.34
"2021-02-19",43.84,44.950001,43.619999,44.470001,253900,44.470001
"2021-02-22",43.900002,44.990002,43.209999,44.209999,275000,44.209999
"2021-02-23",43.639999,45.099998,43.27,44.43,420100,44.43
"2021-02-24",44.389999,46.110001,43.200001,45.959999,323800,45.959999
"2021-02-25",45.360001,45.950001,43.220001,43.34,399600,43.34
"2021-02-26",44.25,45.209999,43.669998,44.25,494800,44.25
"2021-03-01",45.560001,47.57,45.360001,46.919998,733500,46.919998
"2021-03-02",46.650002,47.279999,45.82,45.82,937500,45.82
"2021-03-03",45.52,45.860001,43.380001,43.66,675900,43.66
"2021-03-04",43.580002,44.290001,41.970001,43.200001,1003700,43.200001
"2021-03-05",44.209999,44.970001,42.169998,44.869999,876000,44.869999
"2021-03-08",44.889999,45.990002,43.529999,43.950001,440700,43.950001
"2021-03-09",44.720001,44.869999,43.57,44.09,334500,44.09
"2021-03-10",44.630001,46.43,44.25,45.57,511900,45.57
"2021-03-11",46.23,46.639999,44.68,45,414700,45
"2021-03-12",44.369999,44.98,43.73,43.860001,381200,43.860001
"2021-03-15",43.619999,44.700001,43.290001,44.66,486400,44.66
"2021-03-16",44.939999,45.490002,44.080002,44.59,350000,44.59
"2021-03-17",44.529999,46.029999,43.580002,45.889999,327700,45.889999
"2021-03-18",45.119999,45.470001,42.970001,43.279999,497100,43.279999
"2021-03-19",43.290001,45.650002,43.279999,45.419998,795600,45.419998
"2021-03-22",45.580002,46.290001,44.599998,44.779999,323000,44.779999
"2021-03-23",44.25,44.849998,42.009998,42.66,401500,42.66
"2021-03-24",43.5,44.57,41.700001,41.900002,550900,41.900002
"2021-03-25",41.189999,44.009998,40.849998,43.959999,310400,43.959999
"2021-03-26",44.290001,45.529999,43.82,45.34,296600,45.34
"2021-03-29",45.279999,45.540001,43.290001,43.630001,419300,43.630001
"2021-03-30",43.439999,44.360001,43.099998,44,426400,44
"2021-03-31",44.369999,45.509998,43.98,45.259998,342600,45.259998
"2021-04-01",45.790001,47.860001,45.580002,47.419998,449800,47.419998
"2021-04-05",47.91,47.919998,45.68,47.349998,377700,47.349998
"2021-04-06",47.119999,47.75,46.939999,47.279999,317100,47.279999
"2021-04-07",47.290001,47.290001,45.860001,46.16,276800,46.16
"2021-04-08",46.43,46.43,44.880001,45.599998,392700,45.599998
"2021-04-09",45.73,46.720001,45.169998,46.279999,372400,46.279999
"2021-04-12",46.470001,46.82,45.610001,46.630001,253800,46.630001
"2021-04-13",46.509998,46.639999,45.049999,45.889999,300100,45.889999
"2021-04-14",45.849998,46.48,44.93,45.869999,225200,45.869999
"2021-04-15",46.389999,47.360001,45.240002,45.34,562500,45.34
"2021-04-16",45.810001,47.029999,45.57,46.790001,309700,46.790001
"2021-04-19",46.580002,46.950001,45.450001,45.630001,414700,45.630001
"2021-04-20",45.619999,45.75,43.5,44,404200,44
"2021-04-21",44.639999,45.16,44.029999,44.650002,253300,44.650002
"2021-04-22",44.639999,45.369999,44.080002,44.630001,344000,44.630001
"2021-04-23",44.41,45.360001,44.169998,44.599998,373200,44.599998
"2021-04-26",45.150002,45.639999,44.849998,45.349998,289600,45.349998
"2021-04-27",45.5,46.299999,45.009998,45.029999,243500,45.029999
"2021-04-28",44.869999,44.93,43.939999,44.639999,227800,44.639999
"2021-04-29",45.310001,45.950001,44.830002,45.619999,264500,45.619999
"2021-04-30",44.810001,45.060001,43.860001,44.43,236700,44.43
"2021-05-03",45.029999,45.330002,44.490002,45.09,242300,45.09
"2021-05-04",44.619999,44.84,43.880001,44.27,331300,44.27
"2021-05-05",44.630001,44.630001,43.189999,43.41,308300,43.41
"2021-05-06",43.700001,43.860001,42.799999,43.650002,316700,43.650002
"2021-05-07",43.66,45.09,43.130001,44.689999,316500,44.689999
"2021-05-10",44.5,44.830002,42.869999,43.009998,297100,43.009998
"2021-05-11",41.919998,42.330002,41.16,41.529999,299100,41.529999
"2021-05-12",41.02,41.200001,39.119999,39.529999,485500,39.529999
"2021-05-13",39.799999,41.689999,39.75,41.380001,493700,41.380001
"2021-05-14",42.009998,42.18,41.02,42.099998,284400,42.099998
"2021-05-17",41.740002,41.740002,40.48,41.419998,159800,41.419998
"2021-05-18",41.470001,41.470001,40.209999,40.27,236100,40.27
"2021-05-19",39.34,41.060001,38.959999,41.029999,570800,41.029999
"2021-05-20",41.110001,41.93,41,41.560001,252800,41.560001
"2021-05-21",42.25,42.91,41.880001,42.040001,348400,42.040001
"2021-05-24",42.48,43.16,41.869999,42.450001,312000,42.450001
"2021-05-25",42.68,44.860001,42.68,43.779999,564900,43.779999
"2021-05-26",46.900002,52.27,46.450001,52.040001,1309600,52.040001
"2021-05-27",53.419998,53.509998,51.560001,51.639999,536800,51.639999
"2021-05-28",51.669998,51.669998,49.860001,50.650002,412200,50.650002
"2021-06-01",51.200001,53.099998,50.52,53.060001,487100,53.060001
"2021-06-02",53.110001,53.5,51.5,53.18,815600,53.18
"2021-06-03",52.889999,53.07,51.169998,51.73,373200,51.73
"2021-06-04",52.369999,52.849998,51.580002,52.720001,660700,52.720001
"2021-06-07",52.970001,53.900002,51.450001,52.040001,797300,52.040001
"2021-06-08",52.75,52.75,51.939999,52.200001,312200,52.200001
"2021-06-09",52.209999,52.5,50.25,50.48,317000,50.48
"2021-06-10",49.93,50.16,48.439999,48.450001,390100,48.450001
"2021-06-11",48.720001,49.389999,48.59,49.240002,295300,49.240002
"2021-06-14",49.139999,49.720001,48.16,48.700001,347900,48.700001
"2021-06-15",48.950001,49.57,48.110001,49.240002,242700,49.240002
"2021-06-16",49.299999,49.709999,48.419998,48.700001,253200,48.700001
"2021-06-17",48.540001,49.740002,48.16,49.669998,346900,49.669998
"2021-06-18",48.639999,51.27,48.459999,51.139999,748200,51.139999
"2021-06-21",51.580002,51.82,50.220001,51.529999,366300,51.529999
"2021-06-22",51.360001,52.830002,50.799999,52.810001,303900,52.810001
"2021-06-23",53.189999,53.299999,51.139999,52.209999,305400,52.209999
"2021-06-24",52.349998,53.139999,51.630001,52.900002,248200,52.900002
"2021-06-25",52.939999,53.810001,52.610001,53.689999,805100,53.689999
"2021-06-28",53.900002,54,52.849998,53.299999,314500,53.299999
"2021-06-29",53.48,57.07,53.18,54.580002,878100,54.580002
"2021-06-30",54.279999,54.720001,53.049999,53.299999,463500,53.299999
"2021-07-01",53.700001,55.470001,53.150002,54.939999,341600,54.939999
"2021-07-02",55.09,55.119999,53.919998,54.549999,192600,54.549999
"2021-07-06",54.599998,54.610001,52.5,53.950001,300400,53.950001
"2021-07-07",53.880001,54.75,53.02,53.610001,258700,53.610001
"2021-07-08",52.299999,53.540001,49.709999,52.52,518700,52.52
"2021-07-09",53.360001,53.41,52.369999,53.02,201000,53.02
"2021-07-12",52.650002,52.91,51.959999,52.860001,173000,52.860001
"2021-07-13",52.32,53.110001,52.060001,52.18,292400,52.18
"2021-07-14",52.209999,52.77,51.349998,51.43,277800,51.43
"2021-07-15",51.43,51.57,50.029999,50.84,282800,50.84
"2021-07-16",51.220001,51.5,49.84,50.369999,359300,50.369999
"2021-07-19",49.560001,51.73,49.009998,51.52,419500,51.52
"2021-07-20",52.110001,54.459999,51.990002,53.900002,419000,53.900002
"2021-07-21",54.16,55.400002,54,55.009998,289300,55.009998
"2021-07-22",54.73,54.73,53.200001,53.310001,261800,53.310001
"2021-07-23",53.75,54.279999,53.490002,54.07,187100,54.07
"2021-07-26",54.5,55,53.490002,53.700001,327400,53.700001
"2021-07-27",53.259998,54.700001,53.150002,53.970001,230900,53.970001
"2021-07-28",54,54.450001,53.509998,53.950001,191900,53.950001
"2021-07-29",54.349998,57.400002,54.349998,56.919998,356900,56.919998
"2021-07-30",56.080002,57.290001,55.07,56.400002,576100,56.400002
"2021-08-02",56.720001,57.830002,56.380001,57.400002,416200,57.400002
"2021-08-03",57.470001,57.740002,55.439999,57.130001,416100,57.130001
"2021-08-04",56.049999,60.380001,56.049999,59.849998,723300,59.849998
"2021-08-05",60.900002,61.959999,59.599998,60.060001,525000,60.060001
"2021-08-06",60.549999,60.970001,59.580002,59.619999,625600,59.619999
"2021-08-09",59.380001,61.900002,58.009998,61.150002,459600,61.150002
"2021-08-10",61.349998,64.230003,61.099998,62.66,539600,62.66
"2021-08-11",62.529999,63.66,61.849998,63.259998,400200,63.259998
"2021-08-12",63.209999,63.41,61.759998,62.34,440200,62.34
"2021-08-13",62.599998,62.650002,61.389999,61.68,321100,61.68
"2021-08-16",61.650002,63.169998,60.689999,62.400002,330700,62.400002
"2021-08-17",61.689999,61.689999,59.52,59.98,435700,59.98
"2021-08-18",59.98,61.380001,59.529999,59.599998,358500,59.599998
"2021-08-19",58.970001,60,58.029999,58.939999,305900,58.939999
"2021-08-20",58.740002,59.869999,58.099998,59.59,378500,59.59
"2021-08-23",59.959999,60.5,58.73,59.84,408900,59.84
"2021-08-24",60.060001,62.869999,59.939999,62.299999,429900,62.299999
"2021-08-25",62.419998,63.52,61.59,63.240002,230700,63.240002
"2021-08-26",63.150002,63.52,61.98,62.470001,243500,62.470001
"2021-08-27",62.73,66.82,62.150002,65.379997,564100,65.379997
"2021-08-30",65.830002,66.589996,63.009998,63.470001,440200,63.470001
"2021-08-31",63.529999,64.019997,61.200001,62.720001,679500,62.720001
"2021-09-01",62.450001,63.200001,60.810001,63.029999,333600,63.029999
"2021-09-02",63.389999,64.739998,62.529999,64.150002,324400,64.150002
"2021-09-03",64.019997,64.870003,63.380001,64.720001,308000,64.720001
"2021-09-07",64.879997,65.580002,62.830002,62.98,339800,62.98
"2021-09-08",62.27,63,61.259998,61.880001,362000,61.880001
"2021-09-09",61.900002,63.560001,61.779999,62.84,257700,62.84
"2021-09-10",63.299999,64.580002,62.93,63.349998,506700,63.349998
"2021-09-13",63.400002,63.43,59.849998,62.869999,431900,62.869999
"2021-09-14",63.66,65.25,63.02,63.110001,367100,63.110001
"2021-09-15",62.889999,64.050003,61.790001,63.77,625900,63.77
"2021-09-16",63.529999,64.809998,63.529999,63.900002,697400,63.900002
"2021-09-17",64.309998,64.400002,61.43,62.900002,918800,62.900002
"2021-09-20",60.939999,62.57,60.080002,60.630001,696600,60.630001
"2021-09-21",60.869999,62.619999,60.400002,61.77,849900,61.77
"2021-09-22",62.209999,63.669998,61.790001,62.830002,273000,62.830002
"2021-09-23",63.259998,64.080002,63.259998,63.779999,168800,63.779999
"2021-09-24",63.07,64.230003,62.5,63.349998,156600,63.349998
"2021-09-27",63.150002,64.470001,62.099998,64.269997,299400,64.269997
"2021-09-28",63.490002,63.66,61.57,62.290001,224300,62.290001
"2021-09-29",63,63.950001,62.57,63.310001,254300,63.310001
"2021-09-30",63.790001,64.220001,60.009998,60.060001,415300,60.060001
"2021-10-01",60.48,61.049999,57.880001,60.810001,668900,60.810001
"2021-10-04",60.470001,61.130001,60,60.939999,327800,60.939999
"2021-10-05",61.290001,61.639999,59.419998,59.450001,268800,59.450001
"2021-10-06",58.639999,60.5,58.639999,60.139999,290700,60.139999
"2021-10-07",60.630001,61.759998,60.549999,61.169998,319900,61.169998
"2021-10-08",61.59,61.790001,59.880001,61.009998,168800,61.009998
"2021-10-11",61.110001,62.34,60.790001,61.75,139300,61.75
"2021-10-12",62.23,62.490002,60.209999,60.349998,327100,60.349998
"2021-10-13",60.470001,61.630001,60.200001,60.830002,197500,60.830002
"2021-10-14",61.5,63.119999,61.5,62.919998,234100,62.919998
"2021-10-15",64.040001,64.040001,61.130001,61.200001,284500,61.200001
"2021-10-18",61.209999,63.16,61.209999,62.799999,216100,62.799999
"2021-10-19",63,63.25,61.52,61.939999,190200,61.939999
"2021-10-20",62.049999,64.110001,62.049999,63.580002,271200,63.580002
"2021-10-21",63.75,64.559998,62.75,63.810001,203600,63.810001
"2021-10-22",63.869999,64.739998,63.220001,63.400002,197900,63.400002
"2021-10-25",63.57,65.089996,63.450001,63.73,270100,63.73
"2021-10-26",63.889999,64.199997,62.630001,63.43,283800,63.43
"2021-10-27",63.509998,64.739998,61.110001,61.139999,244000,61.139999
"2021-10-28",61.830002,63.130001,61.470001,63.029999,343800,63.029999
"2021-10-29",62.919998,64.18,62.709999,63.32,301900,63.32
"2021-11-01",63.32,66.089996,63.02,66.019997,558600,66.019997
"2021-11-02",66.720001,67.129997,63.73,64.849998,588600,64.849998
"2021-11-03",70,74.050003,69.059998,70.099998,944400,70.099998
"2021-11-04",71.760002,73.25,71,72.25,664900,72.25
"2021-11-05",73.150002,74.470001,72.449997,73.769997,694100,73.769997
"2021-11-08",74.269997,75.809998,74,75,346500,75
"2021-11-09",75.040001,77.400002,75,76.440002,395700,76.440002
"2021-11-10",76.120003,77.010002,74.519997,75.269997,265300,75.269997
"2021-11-11",75.739998,76.730003,75.080002,75.330002,342300,75.330002
"2021-11-12",75.330002,76.339996,74.559998,75.989998,340200,75.989998
"2021-11-15",76.519997,76.75,75.099998,75.779999,314400,75.779999
"2021-11-16",75.709999,78.57,75.110001,78.519997,576200,78.519997
"2021-11-17",78.519997,79.800003,78.209999,79.449997,436500,79.449997
"2021-11-18",79.559998,81.68,78.029999,80.739998,602600,80.739998
"2021-11-19",80.199997,82.730003,80.199997,80.75,667100,80.75
"2021-11-22",81.519997,82.709999,80.279999,80.779999,804800,80.779999
"2021-11-23",80.32,81.900002,80,80.550003,514900,80.550003
"2021-11-24",79.900002,81.089996,79,80.470001,236400,80.470001
"2021-11-26",78.279999,80.32,77.099998,78.379997,296300,78.379997
"2021-11-29",79.349998,81.010002,78.029999,80.489998,350400,80.489998
"2021-11-30",80,81.540001,78.160004,78.25,504600,78.25
"2021-12-01",79.470001,80.360001,76.75,76.809998,490700,76.809998
"2021-12-02",76.900002,82.370003,76.400002,81.940002,599700,81.940002
"2021-12-03",82.139999,82.900002,77.529999,78.660004,556500,78.660004
"2021-12-06",80,82.019997,79.120003,81.989998,571200,81.989998
"2021-12-07",84.57,85.330002,83.010002,83.790001,502200,83.790001
"2021-12-08",84.279999,85.919998,83.330002,83.900002,520700,83.900002
"2021-12-09",83.68,84.800003,81.25,81.489998,568900,81.489998
"2021-12-10",81.510002,82.529999,80.519997,82.300003,530800,82.300003
"2021-12-13",82.540001,83.489998,78.440002,79.459999,515200,79.459999
"2021-12-14",78.779999,79.339996,76.860001,77.330002,589900,77.330002
"2021-12-15",77.120003,77.199997,74.279999,75.910004,1089200,75.910004
"2021-12-16",76.160004,76.599998,73.690002,73.82,979800,73.82
"2021-12-17",73.349998,74.440002,71.68,71.860001,1015600,71.860001
"2021-12-20",70.300003,70.839996,68.540001,70.040001,811300,70.040001
"2021-12-21",70.860001,73.790001,70.699997,73.239998,700600,73.239998
"2021-12-22",73.160004,76,73.07,75.699997,457300,75.699997
"2021-12-23",75.730003,76.639999,74.760002,76.209999,398500,76.209999
"2021-12-27",76.800003,79.660004,76.800003,79.599998,426600,79.599998
"2021-12-28",79.559998,80.279999,78.620003,79.239998,280200,79.239998
"2021-12-29",78.989998,80.150002,78.93,79.970001,223700,79.970001
"2021-12-30",80.139999,80.980003,78.220001,78.220001,351700,78.220001
"2021-12-31",78.389999,79.129997,77.510002,78.980003,261500,78.980003
"2022-01-03",79.470001,79.830002,76.459999,77.940002,580100,77.940002
"2022-01-04",78.080002,79.650002,77.18,79.230003,364300,79.230003
"2022-01-05",78.470001,80.260002,73.459999,73.580002,544000,73.580002
"2022-01-06",73.410004,76.080002,72.019997,75.139999,414700,75.139999
"2022-01-07",74.559998,74.809998,69.800003,69.910004,518700,69.910004
"2022-01-10",69,70.199997,67.610001,70.160004,491400,70.160004
"2022-01-11",69.879997,71.730003,68.18,71.389999,423900,71.389999
"2022-01-12",71.779999,72.800003,69.68,69.910004,337200,69.910004
"2022-01-13",70.980003,73,69.940002,70.510002,536000,70.510002
"2022-01-14",69.529999,70.43,66.400002,68.239998,457700,68.239998
"2022-01-18",66.919998,67.370003,64.730003,64.800003,575600,64.800003
"2022-01-19",64.629997,65.449997,61.959999,62.060001,539100,62.060001
"2022-01-20",62.810001,62.810001,59.060001,59.360001,539900,59.360001
"2022-01-21",58.830002,61.900002,58.43,58.740002,574000,58.740002
"2022-01-24",57.209999,63.279999,57.009998,63.099998,661600,63.099998
"2022-01-25",61.959999,63.220001,60.099998,62.110001,565300,62.110001
"2022-01-26",63.5,64.739998,59.799999,60.599998,569000,60.599998
"2022-01-27",60.869999,61.869999,58.889999,59.529999,396000,59.529999
"2022-01-28",60.200001,63.380001,58.77,63.34,475700,63.34
"2022-01-31",63.209999,67.370003,63.209999,67.339996,666100,67.339996
"2022-02-01",67.790001,68.660004,65.18,68.110001,656200,68.110001
"2022-02-02",68.400002,69.550003,66.620003,67.459999,690100,67.459999
"2022-02-03",72.050003,75.989998,69.419998,71.120003,1343600,71.120003
"2022-02-04",72.93,74.019997,70.43,72.349998,1055500,72.349998
"2022-02-07",72.510002,75.699997,72.040001,74.860001,659800,74.860001
"2022-02-08",75.470001,79.139999,75.470001,76.910004,751700,76.910004
"2022-02-09",77.370003,80.089996,77.169998,79.029999,641600,79.029999
"2022-02-10",76.910004,81.870003,75.779999,76.529999,846900,76.529999
"2022-02-11",76.879997,77.690002,72.120003,72.550003,1119000,72.550003
"2022-02-14",72.410004,75.120003,70.849998,73.419998,719300,73.419998
"2022-02-15",74.190002,75.940002,74.099998,74.620003,573000,74.620003
"2022-02-16",73.75,75.889999,73.339996,75.25,390300,75.25
"2022-02-17",74.43,75.459999,73.720001,74.059998,302900,74.059998
"2022-02-18",73.830002,75,72.870003,73.860001,401000,73.860001
"2022-02-22",72.970001,73.400002,68.349998,68.410004,619500,68.410004
"2022-02-23",68.910004,69.839996,63.66,64.07,876700,64.07
"2022-02-24",61.459999,65.879997,60.610001,65.540001,593400,65.540001
"2022-02-25",65.480003,68.620003,64.5,68.139999,646100,68.139999
"2022-02-28",67.139999,69.059998,66.160004,67.239998,388100,67.239998
"2022-03-01",67,68.449997,65.839996,66.879997,390200,66.879997
"2022-03-02",67.699997,70.25,66.900002,69.639999,305600,69.639999
"2022-03-03",70.309998,70.550003,66.779999,67.410004,272600,67.410004
"2022-03-04",66.75,67.989998,65.720001,67.919998,466200,67.919998
"2022-03-07",67.959999,68.809998,63.57,63.75,508900,63.75
"2022-03-08",63.709999,67.190002,62.900002,64.400002,422000,64.400002
"2022-03-09",65.620003,69.019997,65.18,68.400002,351100,68.400002
"2022-03-10",67.150002,68.589996,66.209999,68.300003,375600,68.300003
"2022-03-11",68.57,69.5,66.239998,66.339996,305100,66.339996
"2022-03-14",66.709999,67.400002,62.41,63.470001,452300,63.470001
"2022-03-15",63.150002,67.080002,63.150002,66.669998,381500,66.669998
"2022-03-16",67.32,69.93,65.360001,68.529999,337200,68.529999
"2022-03-17",68.269997,71.5,68.190002,71.040001,330600,71.040001
"2022-03-18",70.75,73.400002,70.010002,72.639999,840900,72.639999
"2022-03-21",71.949997,72.18,66.059998,67.540001,563200,67.540001
"2022-03-22",67.849998,69,67.629997,68.650002,361300,68.650002
"2022-03-23",67.559998,68.419998,65.910004,66.160004,355600,66.160004
"2022-03-24",65.82,65.860001,57.84,58.16,1781800,58.16
"2022-03-25",58.5,59.599998,54.950001,57.009998,1338600,57.009998
"2022-03-28",57.009998,58.119999,55.810001,56.5,652500,56.5
"2022-03-29",57.509998,60.669998,57.509998,60.029999,555500,60.029999
"2022-03-30",59.68,59.700001,56.099998,56.439999,413700,56.439999
"2022-03-31",56.48,57.5,54.490002,54.880001,597000,54.880001
"2022-04-01",55.439999,56.470001,55.02,55.529999,342900,55.529999
"2022-04-04",55.59,57.279999,54.900002,56.360001,440200,56.360001
"2022-04-05",56.419998,57.040001,53.139999,53.419998,483300,53.419998
"2022-04-06",52.720001,53.110001,49.93,50.110001,1500500,50.110001
"2022-04-07",50.110001,51.68,49.16,50.849998,855000,50.849998
"2022-04-08",50.759998,52.919998,50.16,50.639999,554300,50.639999
"2022-04-11",49.889999,52.18,49.529999,51.330002,440800,51.330002
"2022-04-12",52.119999,53.869999,50.650002,51.099998,509900,51.099998
"2022-04-13",50.919998,53.59,50.919998,53.080002,463900,53.080002
"2022-04-14",53.43,54.029999,51.130001,51.369999,343200,51.369999
"2022-04-18",50.66,51.93,50.25,51.82,403600,51.82
"2022-04-19",52.02,54.490002,52.02,53.799999,521600,53.799999
"2022-04-20",54.549999,54.990002,53.330002,53.529999,368000,53.529999
"2022-04-21",54.759998,54.759998,50.57,51,491800,51
"2022-04-22",51.130001,51.599998,50.34,50.91,379000,50.91
"2022-04-25",50.490002,53.290001,49.959999,52.950001,623000,52.950001
"2022-04-26",52.580002,52.650002,49.689999,49.810001,618500,49.810001
"2022-04-27",49.98,50.759998,48.860001,49.849998,475200,49.849998
"2022-04-28",51.060001,53.169998,49.5,52.490002,408900,52.490002
"2022-04-29",52.040001,53.950001,50.799999,51.040001,436000,51.040001
"2022-05-02",50.720001,52.740002,50.220001,52.669998,558300,52.669998
"2022-05-03",52.82,55.23,52.040001,54.889999,706700,54.889999
"2022-05-04",55.25,59.240002,54.23,58.98,1010100,58.98
"2022-05-05",57.470001,58.77,54.610001,55.439999,686600,55.439999
"2022-05-06",54.939999,55.639999,53,54.5,579800,54.5
"2022-05-09",53.830002,55.110001,51.799999,52.869999,531900,52.869999
"2022-05-10",53.889999,55.439999,50.23,50.889999,679100,50.889999
"2022-05-11",50.889999,51.900002,48.25,48.98,607500,48.98
"2022-05-12",48.560001,52.209999,48.25,51.84,596900,51.84
"2022-05-13",52.709999,53.869999,52.32,53.740002,579600,53.740002
"2022-05-16",53.740002,54.549999,52.080002,54.32,469000,54.32
"2022-05-17",55.919998,57.080002,54.959999,56.91,484500,56.91
"2022-05-18",55.360001,55.830002,52.540001,53.009998,495100,53.009998
"2022-05-19",52.709999,54.990002,52.709999,53.630001,413200,53.630001
"2022-05-20",54.599998,55.77,51.389999,54.049999,335400,54.049999
"2022-05-23",54.369999,55.599998,53,53.630001,818700,53.630001
"2022-05-24",52.27,52.27,44,45.099998,2297100,45.099998
"2022-05-25",45.43,49.84,44.93,49.150002,855100,49.150002
"2022-05-26",49.439999,53.84,49.439999,52.689999,645600,52.689999
"2022-05-27",53.209999,55.470001,53.029999,54.490002,498300,54.490002
"2022-05-31",54,55.009998,52.5,53.130001,541300,53.130001
"2022-06-01",53.740002,54.110001,52,52.439999,525200,52.439999
"2022-06-02",52.700001,55.049999,52.700001,54.400002,455200,54.400002
"2022-06-03",53.529999,54.689999,53.279999,54.150002,366100,54.150002
"2022-06-06",54.950001,54.950001,53.02,53.130001,388800,53.130001
"2022-06-07",52.290001,55.029999,52.16,55,352800,55
"2022-06-08",54.169998,56.18,53.779999,54.580002,509000,54.580002
"2022-06-09",54.459999,55.009998,52.919998,53.380001,401800,53.380001
"2022-06-10",52.27,53.09,51.150002,51.669998,276600,51.669998
"2022-06-13",49.759998,50.529999,47.09,47.439999,492500,47.439999
"2022-06-14",47.98,48.34,46.610001,47.360001,465600,47.360001
"2022-06-15",48.5,48.68,46.549999,47.880001,438500,47.880001
"2022-06-16",45.77,46.189999,43.040001,43.720001,764000,43.720001
"2022-06-17",44.330002,45.060001,43.139999,44.360001,657800,44.360001
"2022-06-21",45.220001,46.040001,43.41,44.91,329900,44.91
"2022-06-22",44.459999,46.599998,44.360001,45.43,260200,45.43
"2022-06-23",45.82,48.240002,45.669998,47.919998,449300,47.919998
"2022-06-24",48.48,49.709999,47.93,49.650002,721700,49.650002
"2022-06-27",49.990002,50.849998,49.41,49.619999,291100,49.619999
"2022-06-28",50.060001,50.59,48.450001,48.490002,312500,48.490002
"2022-06-29",48.650002,48.650002,47.169998,48.529999,335600,48.529999
"2022-06-30",47.619999,48.240002,46.549999,47.419998,508900,47.419998
"2022-07-01",47.490002,50.009998,47.490002,50,416500,50
"2022-07-05",48.549999,52.279999,48.549999,52.130001,611200,52.130001
"2022-07-06",52.099998,52.540001,50.200001,51.52,319100,51.52
"2022-07-07",53.939999,54.299999,52.34,53.830002,413600,53.830002
"2022-07-08",53.470001,55.669998,53.169998,55.060001,339000,55.060001
"2022-07-11",54.509998,55.580002,54.490002,55,228800,55
"2022-07-12",55.09,56.470001,54.34,55.02,291400,55.02
"2022-07-13",53.779999,55.799999,52.580002,55.66,248600,55.66
"2022-07-14",54.130001,54.560001,53.279999,54.470001,203000,54.470001
"2022-07-15",55.59,55.98,53.810001,55.32,274000,55.32
"2022-07-18",55.619999,55.700001,54.259998,55.240002,297100,55.240002
"2022-07-19",55.549999,56.700001,54.419998,56.560001,327600,56.560001
"2022-07-20",56.810001,59.07,55.709999,59.049999,474800,59.049999
"2022-07-21",58.52,59.93,57.619999,59.810001,458300,59.810001
"2022-07-22",60,60.860001,57.75,59.490002,250700,59.490002
"2022-07-25",59.25,59.380001,58.209999,59.130001,332500,59.130001
"2022-07-26",58.790001,59.5,57.41,58.889999,396900,58.889999
"2022-07-27",59.790001,61.240002,58.130001,60.490002,386200,60.490002
"2022-07-28",60.970001,62.740002,60.669998,62.380001,255600,62.380001
"2022-07-29",62.25,63.43,60.740002,63.299999,487000,63.299999
"2022-08-01",63,64.889999,62.099998,63.950001,564100,63.950001
"2022-08-02",62.869999,63.139999,61.630001,62.02,455500,62.02
"2022-08-03",62.860001,64.989998,59.959999,60.990002,702800,60.990002
"2022-08-04",62.599998,65.5,62.09,64.400002,526000,64.400002
"2022-08-05",62.98,67.150002,62.18,66.050003,458900,66.050003
"2022-08-08",66.800003,68.839996,66.360001,67.199997,382000,67.199997
"2022-08-09",66.339996,66.550003,63.959999,64.589996,542900,64.589996
"2022-08-10",66.690002,67.550003,66.010002,66.629997,413100,66.629997
"2022-08-11",67.32,68.160004,66.589996,68.129997,440400,68.129997
"2022-08-12",68.269997,69.970001,68.269997,69.510002,418800,69.510002
"2022-08-15",69.330002,69.709999,68.279999,69.290001,266900,69.290001
"2022-08-16",68.309998,69.029999,67.459999,67.739998,342400,67.739998
"2022-08-17",66.5,66.900002,64.529999,65.989998,321000,65.989998
"2022-08-18",66.419998,66.739998,65.410004,66.089996,223800,66.089996
"2022-08-19",65.540001,65.910004,63.029999,63.240002,306900,63.240002
"2022-08-22",62.07,62.939999,60.610001,60.950001,322600,60.950001
"2022-08-23",61.25,61.389999,59.73,60.66,375600,60.66
"2022-08-24",60.290001,60.759998,59.740002,60.189999,278100,60.189999
"2022-08-25",60.18,61.220001,59.82,60.91,253600,60.91
"2022-08-26",60.25,60.91,57.779999,58.810001,498100,58.810001
"2022-08-29",58.07,59.619999,58.07,58.549999,256900,58.549999
"2022-08-30",59.18,59.310001,57.529999,57.740002,336400,57.740002
"2022-08-31",57.799999,58.77,56.169998,56.669998,329600,56.669998
"2022-09-01",55.900002,56.189999,54.27,55.18,386200,55.18
"2022-09-02",56.220001,56.25,54.66,55.18,279300,55.18
"2022-09-06",55.16,55.619999,53.130001,54.779999,330200,54.779999
"2022-09-07",55.02,56.099998,54.59,56.040001,308400,56.040001
"2022-09-08",55.290001,56.880001,54.310001,56.880001,283800,56.880001
"2022-09-09",57.48,58.900002,57.299999,58.470001,271900,58.470001
"2022-09-12",58.889999,59.470001,58.790001,59.16,253200,59.16
"2022-09-13",56.599998,56.599998,52.98,53.599998,690000,53.599998
"2022-09-14",53.689999,53.84,51.689999,52.720001,536700,52.720001
"2022-09-15",52.369999,54.189999,51.57,51.939999,294300,51.939999
"2022-09-16",51.220001,54.580002,50.68,54.09,846700,54.09
"2022-09-19",53.669998,54.959999,53.669998,54.32,371900,54.32
"2022-09-20",53.380001,53.98,52.869999,53.799999,264500,53.799999
"2022-09-21",54.439999,55.25,53.259998,53.869999,371600,53.869999
"2022-09-22",53.459999,53.970001,52.259998,52.52,347000,52.52
"2022-09-23",51.82,52.220001,50.849998,52.209999,307900,52.209999
"2022-09-26",51.950001,53.330002,50.869999,50.91,354400,50.91
"2022-09-27",51.830002,52.700001,51.360001,52.150002,402300,52.150002
"2022-09-28",53.040001,55.889999,52.810001,55.200001,550700,55.200001
"2022-09-29",54.049999,54.080002,52.099998,53.450001,479500,53.450001
"2022-09-30",53.66,54.849998,52.799999,52.869999,395000,52.869999
"2022-10-03",53.669998,55.990002,53.25,55.82,400400,55.82
"2022-10-04",57.139999,59.970001,57.049999,59.950001,544000,59.950001
"2022-10-05",58.5,59.5,57.810001,58.080002,408600,58.080002
"2022-10-06",58.130001,58.82,56.939999,57.82,287700,57.82
"2022-10-07",56.779999,57.209999,55.189999,55.93,324300,55.93
"2022-10-10",56.150002,57.209999,55.439999,56.720001,329000,56.720001
"2022-10-11",56.32,57.66,55.630001,56.970001,335900,56.970001
"2022-10-12",56.93,56.93,54,54.830002,274100,54.830002
"2022-10-13",53.259998,55.849998,50.279999,55.580002,353700,55.580002
"2022-10-14",56.259998,56.73,53.310001,53.369999,300100,53.369999
"2022-10-17",54.970001,56.16,53.82,54.860001,355400,54.860001
"2022-10-18",56.490002,57.310001,55.080002,56.849998,286500,56.849998
"2022-10-19",56.799999,56.799999,54.27,54.580002,383000,54.580002
"2022-10-20",55,56,53.07,53.419998,397300,53.419998
"2022-10-21",53.439999,54.450001,52.700001,54.16,510600,54.16
"2022-10-24",54.240002,55.41,53.400002,54.990002,231300,54.990002
"2022-10-25",55.290001,60.27,55.290001,59.48,529000,59.48
"2022-10-26",59.41,60.299999,58.48,59.27,476400,59.27
"2022-10-27",59.66,60.099998,57.700001,58.209999,365800,58.209999
"2022-10-28",58.25,60,57.619999,59.799999,279900,59.799999
"2022-10-31",59,59.119999,57.720001,58.209999,339500,58.209999
"2022-11-01",59.540001,59.779999,55.900002,56.66,1159300,56.66
"2022-11-02",52,52,47.119999,47.470001,1955700,47.470001
"2022-11-03",46.5,48.27,44.68,47.290001,807500,47.290001
"2022-11-04",47.529999,48.130001,45.32,46.740002,536700,46.740002
"2022-11-07",47,47.490002,45.66,47.220001,397500,47.220001
"2022-11-08",47.27,49.73,46.84,49.560001,551400,49.560001
"2022-11-09",48.68,49.830002,48.23,49.25,512100,49.25
"2022-11-10",52.84,58,52.619999,55.200001,710400,55.200001
"2022-11-11",55.060001,56.110001,54.419998,54.549999,325700,54.549999
"2022-11-14",54.400002,54.400002,50.919998,51.220001,633500,51.220001
"2022-11-15",53.09,53.209999,50.66,50.990002,524300,50.990002
"2022-11-16",50.900002,50.970001,49.52,49.630001,361700,49.630001
"2022-11-17",48.439999,49.34,48,48.93,344800,48.93
"2022-11-18",50.279999,50.279999,48.200001,49.34,282300,49.34
"2022-11-21",49.18,49.419998,48.630001,49.169998,239900,49.169998
"2022-11-22",49.580002,50.91,49.41,50.889999,394300,50.889999
"2022-11-23",50.669998,51.669998,50.27,50.540001,194900,50.540001
"2022-11-25",50.41,50.950001,50.220001,50.66,122900,50.66
"2022-11-28",50.119999,50.630001,49.32,49.48,281300,49.48
"2022-11-29",49.189999,49.98,48.98,49.720001,272300,49.720001
"2022-11-30",49.549999,52.029999,48.73,51.990002,321000,51.990002
"2022-12-01",52.639999,54.32,52.48,53.75,327900,53.75
"2022-12-02",52.290001,53.610001,51.98,53.389999,465300,53.389999
"2022-12-05",52.060001,52.349998,51.040001,51.540001,335900,51.540001
"2022-12-06",51.639999,51.639999,50.369999,51.200001,307500,51.200001
"2022-12-07",51.549999,52.279999,50.77,52.099998,403400,52.099998
"2022-12-08",51.959999,53.119999,51.48,53.110001,299500,53.110001
"2022-12-09",52.610001,53.549999,52.459999,53.200001,627500,53.200001
"2022-12-12",53.630001,54.779999,52.98,54.119999,228000,54.119999
"2022-12-13",58.360001,58.5,55.169998,55.720001,523700,55.720001
"2022-12-14",54.290001,55.259998,53.919998,53.98,425800,53.98
"2022-12-15",52.779999,54.310001,52.32,53.860001,377300,53.860001
"2022-12-16",52.700001,53.919998,52.220001,53.09,456200,53.09
"2022-12-19",52.779999,53.009998,52.049999,52.75,304500,52.75
"2022-12-20",52.32,52.389999,51.48,52.200001,307400,52.200001
"2022-12-21",52.860001,53.82,52.830002,53.07,342100,53.07
"2022-12-22",52.299999,52.68,51.23,52.330002,308600,52.330002
"2022-12-23",52.34,53.139999,51.380001,52.619999,251500,52.619999
"2022-12-27",52.41,53,51.380001,51.400002,199600,51.400002
"2022-12-28",51.419998,52.040001,50.290001,50.32,214900,50.32
"2022-12-29",50.82,51.869999,50.189999,51.709999,289500,51.709999
"2022-12-30",50.939999,52.060001,50.700001,51.509998,280500,51.509998
"2023-01-03",52.700001,53.189999,51.369999,53.130001,426200,53.130001
"2023-01-04",53.990002,55.119999,53.43,53.59,437000,53.59
"2023-01-05",53.59,54.110001,52.52,53.360001,258200,53.360001
"2023-01-06",54.040001,54.720001,53.41,54.48,374700,54.48
"2023-01-09",55.119999,56.02,54.360001,54.77,298600,54.77
"2023-01-10",54.290001,55.360001,54.16,55.240002,143300,55.240002
"2023-01-11",55.82,57.59,55.82,57.5,319700,57.5
"2023-01-12",57.73,59.5,56.34,59.18,277200,59.18
"2023-01-13",58.16,59.799999,58.16,58.98,333100,58.98
"2023-01-17",55.5,58.25,54.82,57.389999,322200,57.389999
"2023-01-18",58.150002,59.619999,56.099998,56.290001,275500,56.290001
"2023-01-19",55.889999,55.950001,54.849998,55.060001,244000,55.060001
"2023-01-20",55.560001,57.18,54.639999,57.080002,371600,57.080002
"2023-01-23",56.990002,58.080002,56.990002,57.93,178400,57.93
"2023-01-24",57.32,58.209999,57.029999,57.470001,167800,57.470001
"2023-01-25",56.669998,58.049999,56.380001,58.029999,203100,58.029999
"2023-01-26",58.509998,59.470001,56.560001,58.52,319200,58.52
"2023-01-27",58.150002,59.07,57.93,58.459999,230800,58.459999
"2023-01-30",57.77,58.25,56.25,56.259998,283900,56.259998
"2023-01-31",56.630001,59.080002,56.630001,58.950001,402000,58.950001
"2023-02-01",58.650002,60.200001,56.860001,59.959999,425300,59.959999
"2023-02-02",61.32,62.369999,61.029999,61.830002,435100,61.830002
"2023-02-03",60.18,63.009998,59.310001,61.990002,706400,61.990002
"2023-02-06",61.380001,62.169998,59.950001,60.02,573700,60.02
"2023-02-07",62.759998,68.910004,62.18,68.800003,1206900,68.800003
"2023-02-08",69.080002,69.589996,66.93,69.5,493800,69.5
"2023-02-09",70.68,71.980003,67.839996,67.989998,719200,67.989998
"2023-02-10",67.970001,68.610001,66.510002,66.839996,584900,66.839996
"2023-02-13",66.839996,70.300003,66.339996,69.980003,720700,69.980003
"2023-02-14",68.93,70.779999,67.760002,70.669998,443100,70.669998
"2023-02-15",70.599998,73.400002,69.82,73.379997,1014100,73.379997
"2023-02-16",71.43,73.029999,71.400002,72.330002,553700,72.330002
"2023-02-17",71.980003,71.980003,69.809998,71.550003,671600,71.550003
"2023-02-21",69.089996,71.230003,68.059998,68.300003,580800,68.300003
"2023-02-22",68.629997,69.660004,67.949997,68.550003,503600,68.550003
"2023-02-23",69.529999,69.860001,67.209999,68.260002,481200,68.260002
"2023-02-24",66.5,69.349998,65.989998,68.639999,337700,68.639999
"2023-02-27",69.010002,69.75,68.239998,69.019997,379100,69.019997
"2023-02-28",68.809998,70,68.410004,68.410004,392900,68.410004
"2023-03-01",68.239998,68.970001,67.949997,68.449997,300500,68.449997
